{"cameraMode":{"drawMode":0,"name":"Shaded","section":"Shading Mode"},"sceneLighting":false,"audioPlay":false,"sceneViewState":{"m_AlwaysRefresh":false,"showFog":true,"showSkybox":false,"showFlares":true,"showImageEffects":true,"showParticleSystems":true,"showVisualEffectGraphs":true,"m_FxEnabled":true},"in2DMode":false,"pivot":{"x":-17.68465805053711,"y":-6.124963283538818,"z":-0.14046771824359895},"rotation":{"x":0.41105005145072939,"y":-0.03280661255121231,"z":0.014804201200604439,"w":0.9109013676643372},"size":4.603344440460205,"orthographic":false}